Battery,MAE,RMSE,Base_MAE,Success
B0005,0.0026993383653461933,0.0036364134417697616,0.0026908605359494686,True
